Title,Company,Location,Apply Link
"Software Engineering Intern (Bachelors, 6-month Co-Op, Summer 2025)",Sandisk,"Rochester, MN",https://www.linkedin.com/jobs/view/software-engineering-intern-bachelors-6-month-co-op-summer-2025-at-sandisk-4168910290?position=1&pageNum=0&refId=3iVqT8J%2Fw8veftIxs68tfg%3D%3D&trackingId=FiinkGRuex%2BWeDRcbJGXxg%3D%3D
(General Hire) Software Engineer Intern (TikTok Eng) - 2025 Summer (BS/MS),TikTok,"San Jose, CA",https://www.linkedin.com/jobs/view/general-hire-software-engineer-intern-tiktok-eng-2025-summer-bs-ms-at-tiktok-4137400226?position=2&pageNum=0&refId=3iVqT8J%2Fw8veftIxs68tfg%3D%3D&trackingId=hcX8Xszg5If1CDge%2BhG%2FxA%3D%3D
Software Engineering Intern - Packet Forwarding Team (Summer 2025),Juniper Networks,"Sunnyvale, CA",https://www.linkedin.com/jobs/view/software-engineering-intern-packet-forwarding-team-summer-2025-at-juniper-networks-4182748393?position=3&pageNum=0&refId=3iVqT8J%2Fw8veftIxs68tfg%3D%3D&trackingId=r5EFDGnuI1JKLaiP7aL8RA%3D%3D
Software Engineering Intern - RAG & Automation (Summer 2025),Juniper Networks,"Sunnyvale, CA",https://www.linkedin.com/jobs/view/software-engineering-intern-rag-automation-summer-2025-at-juniper-networks-4185833265?position=4&pageNum=0&refId=3iVqT8J%2Fw8veftIxs68tfg%3D%3D&trackingId=kmCC3YWEHKCgEb2Ab9NsWA%3D%3D
Flight Software Intern - Full/Part Time,Umbra,"Santa Barbara, CA",https://www.linkedin.com/jobs/view/flight-software-intern-full-part-time-at-umbra-4197168783?position=5&pageNum=0&refId=3iVqT8J%2Fw8veftIxs68tfg%3D%3D&trackingId=bJg0tm89bxisRBa6y4agyA%3D%3D
Software Engineering Intern (Project Forum),Sorenson Communications,"Salt Lake City, UT",https://www.linkedin.com/jobs/view/software-engineering-intern-project-forum-at-sorenson-communications-4193288850?position=6&pageNum=0&refId=3iVqT8J%2Fw8veftIxs68tfg%3D%3D&trackingId=RV1rmd%2BdWx3XYjZuw07JTg%3D%3D
Software Engineer Intern- Scenario Simulation,Plus,"Santa Clara, CA",https://www.linkedin.com/jobs/view/software-engineer-intern-scenario-simulation-at-plus-4193931588?position=7&pageNum=0&refId=3iVqT8J%2Fw8veftIxs68tfg%3D%3D&trackingId=yGIi7C511JUPxCxKt0QipA%3D%3D
Summer 2025 Software Engineer Intern â€“ Artificial Intelligence,Amentum,"Houston, TX",https://www.linkedin.com/jobs/view/summer-2025-software-engineer-intern-%E2%80%93-artificial-intelligence-at-amentum-4198269033?position=8&pageNum=0&refId=3iVqT8J%2Fw8veftIxs68tfg%3D%3D&trackingId=UgQoocQjkXEzGDRSxPv2UA%3D%3D
Software Engineering Intern (Remote in North Carolina),Rocket Lawyer,"North Carolina, United States",https://www.linkedin.com/jobs/view/software-engineering-intern-remote-in-north-carolina-at-rocket-lawyer-4190782823?position=9&pageNum=0&refId=3iVqT8J%2Fw8veftIxs68tfg%3D%3D&trackingId=vQuy66HNCQLlnHzhbfqOXA%3D%3D
Software Programmer Intern (Summer 2025),Ciena,United States,https://www.linkedin.com/jobs/view/software-programmer-intern-summer-2025-at-ciena-4198157360?position=10&pageNum=0&refId=3iVqT8J%2Fw8veftIxs68tfg%3D%3D&trackingId=0bO6W%2F6zOVBaqLYSOXGN5A%3D%3D
Software Engineering Intern - Network Security Group (Summer 2025),Juniper Networks,"Sunnyvale, CA",https://www.linkedin.com/jobs/view/software-engineering-intern-network-security-group-summer-2025-at-juniper-networks-4178402656?position=11&pageNum=0&refId=3iVqT8J%2Fw8veftIxs68tfg%3D%3D&trackingId=9%2FcvY1LzSYwR%2BoX2fJNUeA%3D%3D
Software QA Automation Intern,Logitech,"San Jose, CA",https://www.linkedin.com/jobs/view/software-qa-automation-intern-at-logitech-4192469138?position=12&pageNum=0&refId=3iVqT8J%2Fw8veftIxs68tfg%3D%3D&trackingId=EVNmKGwXDSDoNyYZkHrK7w%3D%3D
"Intern, Space Systems Engineer (Mission Operations)",Planet,"San Francisco, CA",https://www.linkedin.com/jobs/view/intern-space-systems-engineer-mission-operations-at-planet-4184284792?position=13&pageNum=0&refId=3iVqT8J%2Fw8veftIxs68tfg%3D%3D&trackingId=BV7OxZR9nIuiZcr9sHFXcg%3D%3D
Software Engineering Intern: Central Management Office,Uplift Education,"Dallas, TX",https://www.linkedin.com/jobs/view/software-engineering-intern-central-management-office-at-uplift-education-4175589460?position=14&pageNum=0&refId=3iVqT8J%2Fw8veftIxs68tfg%3D%3D&trackingId=ltTn%2FyJxoDGB13o3pKM6nQ%3D%3D
"Strategic Student Program: Xcelerator Security Software Engineering Intern (Summer 2025, FTO)",Siemens EDA (Siemens Digital Industries Software),"Charlotte, NC",https://www.linkedin.com/jobs/view/strategic-student-program-xcelerator-security-software-engineering-intern-summer-2025-fto-at-siemens-eda-siemens-digital-industries-software-4171424337?position=15&pageNum=0&refId=3iVqT8J%2Fw8veftIxs68tfg%3D%3D&trackingId=ZoyP4Fn47xKNRFFD3TK5lw%3D%3D
Software Engineer - QA Analyst Intern,Motion,"Birmingham, AL",https://www.linkedin.com/jobs/view/software-engineer-qa-analyst-intern-at-motion-4188255928?position=16&pageNum=0&refId=3iVqT8J%2Fw8veftIxs68tfg%3D%3D&trackingId=1ojzjsX%2BTwfABwh8qYBlTw%3D%3D
Systems Engineer Intern (CEC),"Epsilon Systems Solutions, Inc.","Seminole, FL",https://www.linkedin.com/jobs/view/systems-engineer-intern-cec-at-epsilon-systems-solutions-inc-4162013031?position=17&pageNum=0&refId=3iVqT8J%2Fw8veftIxs68tfg%3D%3D&trackingId=agqEZKqVHHvKOYdROFJtww%3D%3D
Information Technology Software Development Intern,Merchants Insurance Group,"Buffalo, NY",https://www.linkedin.com/jobs/view/information-technology-software-development-intern-at-merchants-insurance-group-4187640492?position=18&pageNum=0&refId=3iVqT8J%2Fw8veftIxs68tfg%3D%3D&trackingId=rxep5RFi9Jg%2Bw%2BMTqXs9%2BQ%3D%3D
Video Experience Software Engineer Intern (Global StreamingMedia) - 2025 Summer/Fall (BS/MS),ByteDance,"San Jose, CA",https://www.linkedin.com/jobs/view/video-experience-software-engineer-intern-global-streamingmedia-2025-summer-fall-bs-ms-at-bytedance-4182903401?position=19&pageNum=0&refId=3iVqT8J%2Fw8veftIxs68tfg%3D%3D&trackingId=8goFgbMVSSAwQa1dZefOtA%3D%3D
Software Education Intern,The Reynolds and Reynolds Company,"Houston, TX",https://www.linkedin.com/jobs/view/software-education-intern-at-the-reynolds-and-reynolds-company-4127257264?position=20&pageNum=0&refId=3iVqT8J%2Fw8veftIxs68tfg%3D%3D&trackingId=3n1VTbBximidjPvowT%2Fx8A%3D%3D
Software Management Information Systems Intern: Summer 2025,Retensa Employee Retention,Utica-Rome Area,https://www.linkedin.com/jobs/view/software-management-information-systems-intern-summer-2025-at-retensa-employee-retention-4149195869?position=21&pageNum=0&refId=3iVqT8J%2Fw8veftIxs68tfg%3D%3D&trackingId=XfHFfewzTEPwZWRqwDkMSA%3D%3D
Software Marketing Intern,ASSA ABLOY Group,"Lake Forest, CA",https://www.linkedin.com/jobs/view/software-marketing-intern-at-assa-abloy-group-4181858388?position=22&pageNum=0&refId=3iVqT8J%2Fw8veftIxs68tfg%3D%3D&trackingId=UptoweGVjDIt7uLx0v1%2BfA%3D%3D
Vehicle Control Software Intern,"Hyundai America Technical Center, Inc. (HATCI)","Superior, MI",https://www.linkedin.com/jobs/view/vehicle-control-software-intern-at-hyundai-america-technical-center-inc-hatci-4143057489?position=23&pageNum=0&refId=3iVqT8J%2Fw8veftIxs68tfg%3D%3D&trackingId=ksQls0nq9jwj037yJhuh%2FA%3D%3D
Personal Systems Business Internship,HP,"Palo Alto, CA",https://www.linkedin.com/jobs/view/personal-systems-business-internship-at-hp-4185460301?position=24&pageNum=0&refId=3iVqT8J%2Fw8veftIxs68tfg%3D%3D&trackingId=TaWdwmwoXdnFQb6vmTE%2F1A%3D%3D
Sustaining Engineering Intern (Summer),Formlabs,"Somerville, MA",https://www.linkedin.com/jobs/view/sustaining-engineering-intern-summer-at-formlabs-4152627747?position=25&pageNum=0&refId=3iVqT8J%2Fw8veftIxs68tfg%3D%3D&trackingId=89CZD0QzkAUkSCh2FhdWvg%3D%3D
Personal Systems Business Internship,HP,"Austin, TX",https://www.linkedin.com/jobs/view/personal-systems-business-internship-at-hp-4185457849?position=26&pageNum=0&refId=3iVqT8J%2Fw8veftIxs68tfg%3D%3D&trackingId=6z8CaVqaOOcSQAaegf%2FeBg%3D%3D
Personal Systems Business Internship,HP,"Spring, TX",https://www.linkedin.com/jobs/view/personal-systems-business-internship-at-hp-4185457850?position=27&pageNum=0&refId=3iVqT8J%2Fw8veftIxs68tfg%3D%3D&trackingId=37DJqY68mzU6UiKmPwxM6w%3D%3D
Design Intern,"U.S. Tsubaki Power Transmission, LLC","Chicopee, MA",https://www.linkedin.com/jobs/view/design-intern-at-u-s-tsubaki-power-transmission-llc-4198216344?position=28&pageNum=0&refId=3iVqT8J%2Fw8veftIxs68tfg%3D%3D&trackingId=5%2B%2FbQzsn4uUBoSc7nhkz5A%3D%3D
Mechanical Engineering Intern,ITW EAE,"Camdenton, MO",https://www.linkedin.com/jobs/view/mechanical-engineering-intern-at-itw-eae-4198459188?position=29&pageNum=0&refId=3iVqT8J%2Fw8veftIxs68tfg%3D%3D&trackingId=C1%2FrzDrm3ubAjdxGnPKdiw%3D%3D
Product Management Intern - Workforce Services and Solutions,HP,"Spring, TX",https://www.linkedin.com/jobs/view/product-management-intern-workforce-services-and-solutions-at-hp-4063340069?position=30&pageNum=0&refId=3iVqT8J%2Fw8veftIxs68tfg%3D%3D&trackingId=BQZi2gjyv6zYONglLFr20A%3D%3D
2025 Finance Intern,Five9,"San Ramon, CA",https://www.linkedin.com/jobs/view/2025-finance-intern-at-five9-4185424344?position=31&pageNum=0&refId=3iVqT8J%2Fw8veftIxs68tfg%3D%3D&trackingId=1FOtcr3OQX68RymzdJFDkA%3D%3D
2025 Compliance and Privacy Intern,Five9,"San Ramon, CA",https://www.linkedin.com/jobs/view/2025-compliance-and-privacy-intern-at-five9-4184536351?position=32&pageNum=0&refId=3iVqT8J%2Fw8veftIxs68tfg%3D%3D&trackingId=5mJbTLed08qWURg7gJwi%2BA%3D%3D
Sustainability Summer Intern,Syska Hennessy Group,"New York, NY",https://www.linkedin.com/jobs/view/sustainability-summer-intern-at-syska-hennessy-group-4099134023?position=33&pageNum=0&refId=3iVqT8J%2Fw8veftIxs68tfg%3D%3D&trackingId=36E15JrT5pZRBgmN61yB2w%3D%3D
Sales Analytics Intern,HP,"Spring, TX",https://www.linkedin.com/jobs/view/sales-analytics-intern-at-hp-4173385483?position=34&pageNum=0&refId=3iVqT8J%2Fw8veftIxs68tfg%3D%3D&trackingId=XP0XgPEwjGhaO6HdEVl9QA%3D%3D
Marketing Internship,Omnidian,United States,https://www.linkedin.com/jobs/view/marketing-internship-at-omnidian-4198110408?position=35&pageNum=0&refId=3iVqT8J%2Fw8veftIxs68tfg%3D%3D&trackingId=%2BawnAVC2g9KLD7OUptljbA%3D%3D
"Software Engineering Intern, Summer 2025",Acorns,United States,https://www.linkedin.com/jobs/view/software-engineering-intern-summer-2025-at-acorns-4096785875?position=36&pageNum=0&refId=3iVqT8J%2Fw8veftIxs68tfg%3D%3D&trackingId=BVe6ehxX38D0tfWvQFRClQ%3D%3D
Web Software Engineering Intern,SoundCloud,"Los Angeles, CA",https://www.linkedin.com/jobs/view/web-software-engineering-intern-at-soundcloud-4195991198?position=37&pageNum=0&refId=3iVqT8J%2Fw8veftIxs68tfg%3D%3D&trackingId=C2NooS4W4hMrTPEouIX%2FJw%3D%3D
Software Engineer Intern (Summer 2025),Okta,"San Francisco, CA",https://www.linkedin.com/jobs/view/software-engineer-intern-summer-2025-at-okta-4153075214?position=38&pageNum=0&refId=3iVqT8J%2Fw8veftIxs68tfg%3D%3D&trackingId=TO7%2F10TzsnyzPFEKhXWbbQ%3D%3D
Software Development Engineer Intern,Samsung Electronics America,"Mountain View, CA",https://www.linkedin.com/jobs/view/software-development-engineer-intern-at-samsung-electronics-america-4199926575?position=39&pageNum=0&refId=3iVqT8J%2Fw8veftIxs68tfg%3D%3D&trackingId=PB0ZIda%2B3Zv%2B12I%2F892hnQ%3D%3D
Software Developer Intern (Full-Stack) - June 2025,Staples,"Framingham, MA",https://www.linkedin.com/jobs/view/software-developer-intern-full-stack-june-2025-at-staples-4188880135?position=40&pageNum=0&refId=3iVqT8J%2Fw8veftIxs68tfg%3D%3D&trackingId=PWCVoP2lyqEh7QNSuDYMew%3D%3D
